sequence,raw,native_status,native_valid,native_started_us,native_completed_us,S_us,A_us,C_us,source_us,read_us,poll_us,missed_before,qualification,presence,level
1,2061,0,1,412083,412143,412081,412145,412149,60,64,68,0,2,3,0
2,2312,0,1,413087,413141,413084,413143,413147,54,59,63,0,2,3,0
3,2470,0,1,414090,414144,414087,414146,414151,54,59,64,0,2,3,0
4,2665,0,1,415093,415147,415090,415149,415154,54,59,64,0,2,3,0
5,2837,0,1,416096,416150,416093,416153,416157,54,60,64,0,2,3,0
6,2978,0,1,417099,417154,417096,417156,417160,55,60,64,0,2,3,0
7,3156,0,1,418102,418157,418100,418159,418163,55,59,63,0,2,3,0
8,3462,0,1,419106,419160,419103,419162,419166,54,59,63,0,2,3,0
9,3673,0,1,420109,420163,420106,420165,420169,54,59,63,0,2,3,0
10,3828,0,1,421112,421166,421109,421168,421172,54,59,63,0,2,3,0
11,3836,0,1,422115,422169,422112,422171,422176,54,59,64,0,2,3,0
12,3792,0,1,423118,423172,423115,423174,423179,54,59,64,0,2,3,0
13,3654,0,1,424121,424175,424118,424178,424182,54,60,64,0,2,3,0
14,3422,0,1,425124,425179,425121,425181,425185,55,60,64,0,2,3,0
15,3140,0,1,426127,426181,426124,426183,426188,54,59,64,0,2,3,0
16,2858,0,1,427130,427184,427127,427186,427191,54,59,64,0,2,3,0
17,2589,0,1,428133,428187,428130,428190,428194,54,60,64,0,2,3,0
18,2529,0,1,429136,429191,429134,429193,429197,55,59,63,0,2,3,0
19,2619,0,1,430139,430194,430137,430196,430200,55,59,63,0,2,3,0
20,2606,0,1,431143,431197,431140,431199,431203,54,59,63,0,2,3,0
21,2738,0,1,432146,432200,432143,432202,432206,54,59,63,0,2,3,0
22,2755,0,1,433149,433203,433146,433205,433209,54,59,63,0,2,3,0
23,2843,0,1,434152,434206,434149,434208,434213,54,59,64,0,2,3,0
24,2944,0,1,435155,435209,435152,435211,435216,54,59,64,0,2,3,0
25,3105,0,1,436158,436212,436155,436215,436219,54,60,64,0,2,3,0
26,3128,0,1,437161,437216,437159,437218,437222,55,59,63,0,2,3,0
27,3254,0,1,438164,438219,438162,438221,438225,55,59,63,0,2,3,0
28,3527,0,1,439168,439222,439165,439224,439228,54,59,63,0,2,3,0
29,3768,0,1,440171,440225,440168,440227,440231,54,59,63,0,2,3,0
30,3961,0,1,441174,441228,441171,441230,441234,54,59,63,0,2,3,0
31,3936,0,1,442177,442231,442174,442233,442238,54,59,64,0,2,3,0
32,3811,0,1,443180,443234,443177,443236,443241,54,59,64,0,2,3,0
33,3656,0,1,444183,444237,444180,444240,444244,54,60,64,0,2,3,0
34,3425,0,1,445186,445241,445184,445243,445247,55,59,63,0,2,3,0
35,3090,0,1,446190,446245,446187,446247,446251,55,60,64,0,2,3,0
36,2806,0,1,447194,447248,447191,447250,447254,54,59,63,0,2,3,0
37,2599,0,1,448197,448251,448194,448254,448258,54,60,64,0,2,3,0
38,2560,0,1,449200,449255,449198,449257,449261,55,59,63,0,2,3,0
39,2644,0,1,450204,450258,450201,450260,450265,54,59,64,0,2,3,0
40,2682,0,1,451207,451261,451204,451264,451268,54,60,64,0,2,3,0
41,2704,0,1,452211,452265,452208,452267,452271,54,59,63,0,2,3,0
42,2819,0,1,453214,453268,453211,453270,453275,54,59,64,0,2,3,0
43,2915,0,1,454217,454272,454214,454274,454278,55,60,64,0,2,3,0
44,3006,0,1,455221,455275,455218,455277,455281,54,59,63,0,2,3,0
45,3046,0,1,456224,456278,456221,456281,456285,54,60,64,0,2,3,0
46,3138,0,1,457227,457282,457225,457284,457288,55,59,63,0,2,3,0
47,3308,0,1,458231,458285,458228,458287,458292,54,59,64,0,2,3,0
48,3589,0,1,459233,459288,459231,459290,459294,55,59,63,0,2,3,0
49,3759,0,1,460236,460290,460233,460292,460297,54,59,64,0,2,3,0
50,3904,0,1,461239,461293,461236,461295,461300,54,59,64,0,2,3,0
51,3919,0,1,462242,462297,462240,462299,462303,55,59,63,0,2,3,0
52,3841,0,1,463245,463300,463243,463302,463306,55,59,63,0,2,3,0
53,3609,0,1,464249,464303,464246,464305,464309,54,59,63,0,2,3,0
54,3373,0,1,465252,465312,465249,465314,465319,60,65,70,0,2,3,0
55,3062,0,1,466257,466311,466254,466313,466317,54,59,63,0,2,3,0
56,2794,0,1,467260,467314,467257,467316,467320,54,59,63,0,2,3,0
57,2602,0,1,468263,468317,468260,468319,468324,54,59,64,0,2,3,0
58,2544,0,1,469266,469320,469263,469322,469327,54,59,64,0,2,3,0
59,2634,0,1,470269,470323,470266,470326,470330,54,60,64,0,2,3,0
60,2618,0,1,471272,471327,471269,471329,471333,55,60,64,0,2,3,0
61,2696,0,1,472275,472330,472273,472332,472336,55,59,63,0,2,3,0
62,2820,0,1,473278,473333,473276,473335,473339,55,59,63,0,2,3,0
63,2906,0,1,474282,474336,474279,474338,474342,54,59,63,0,2,3,0
64,2951,0,1,475285,475339,475282,475341,475345,54,59,63,0,2,3,0
65,3053,0,1,476288,476342,476285,476344,476349,54,59,64,0,2,3,0
66,3196,0,1,477291,477345,477288,477347,477352,54,59,64,0,2,3,0
67,3280,0,1,478294,478348,478291,478351,478355,54,60,64,0,2,3,0
68,3617,0,1,479297,479352,479294,479354,479358,55,60,64,0,2,3,0
69,3777,0,1,480300,480355,480298,480357,480361,55,59,63,0,2,3,0
70,3984,0,1,481303,481358,481301,481360,481364,55,59,63,0,2,3,0
71,3910,0,1,482307,482361,482304,482363,482367,54,59,63,0,2,3,0
72,3848,0,1,483310,483364,483307,483366,483370,54,59,63,0,2,3,0
73,3592,0,1,484313,484367,484310,484369,484374,54,59,64,0,2,3,0
74,3385,0,1,485317,485372,485315,485374,485378,55,59,63,0,2,3,0
75,3089,0,1,486321,486375,486318,486377,486381,54,59,63,0,2,3,0
76,2794,0,1,487324,487378,487321,487380,487385,54,59,64,0,2,3,0
77,2565,0,1,488327,488381,488324,488383,488388,54,59,64,0,2,3,0
78,2543,0,1,489330,489384,489327,489387,489391,54,60,64,0,2,3,0
79,2637,0,1,490333,490388,490330,490390,490394,55,60,64,0,2,3,0
80,2671,0,1,491336,491391,491334,491393,491397,55,59,63,0,2,3,0
81,2739,0,1,492340,492394,492337,492396,492400,54,59,63,0,2,3,0
82,2811,0,1,493343,493397,493340,493399,493403,54,59,63,0,2,3,0
83,2900,0,1,494346,494400,494343,494402,494406,54,59,63,0,2,3,0
84,2998,0,1,495349,495403,495346,495405,495410,54,59,64,0,2,3,0
85,3091,0,1,496352,496406,496349,496408,496413,54,59,64,0,2,3,0
86,3175,0,1,497355,497409,497352,497412,497416,54,60,64,0,2,3,0
87,3320,0,1,498358,498413,498355,498415,498419,55,60,64,0,2,3,0
88,3606,0,1,499361,499416,499359,499418,499422,55,59,63,0,2,3,0
89,3809,0,1,500365,500419,500362,500421,500425,54,59,63,0,2,3,0
90,3943,0,1,501368,501422,501365,501424,501428,54,59,63,0,2,3,0
91,3897,0,1,502371,502425,502368,502427,502431,54,59,63,0,2,3,0
92,3761,0,1,503374,503428,503371,503430,503435,54,59,64,0,2,3,0
93,3613,0,1,504377,504431,504374,504433,504438,54,59,64,0,2,3,0
94,3344,0,1,505379,505434,505377,505436,505440,55,59,63,0,2,3,0
95,3053,0,1,506383,506437,506380,506439,506443,54,59,63,0,2,3,0
96,2705,0,1,507386,507440,507383,507442,507447,54,59,64,0,2,3,0
97,2567,0,1,508389,508443,508386,508445,508450,54,59,64,0,2,3,0
98,2586,0,1,509392,509446,509389,509449,509453,54,60,64,0,2,3,0
99,2575,0,1,510395,510450,510392,510452,510456,55,60,64,0,2,3,0
100,2626,0,1,511399,511453,511396,511455,511460,54,59,64,0,2,3,0
101,2755,0,1,512402,512457,512399,512459,512463,55,60,64,0,2,3,0
102,2800,0,1,513406,513460,513403,513462,513466,54,59,63,0,2,3,0
103,2870,0,1,514409,514463,514406,514466,514470,54,60,64,0,2,3,0
104,2970,0,1,515412,515467,515410,515469,515473,55,59,63,0,2,3,0
105,3124,0,1,516416,516470,516413,516472,516477,54,59,64,0,2,3,0
106,3199,0,1,517419,517473,517416,517476,517480,54,60,64,0,2,3,0
107,3348,0,1,518423,518477,518420,518479,518483,54,59,63,0,2,3,0
108,3637,0,1,519426,519480,519423,519482,519487,54,59,64,0,2,3,0
109,3825,0,1,520429,520484,520426,520486,520490,55,60,64,0,2,3,0
110,3944,0,1,521433,521487,521430,521489,521493,54,59,63,0,2,3,0
111,3909,0,1,522436,522490,522433,522493,522497,54,60,64,0,2,3,0
112,3758,0,1,523439,523494,523437,523496,523500,55,59,63,0,2,3,0
113,3558,0,1,524441,524496,524439,524498,524502,55,59,63,0,2,3,0
114,3328,0,1,525443,525498,525441,525500,525504,55,59,63,0,2,3,0
115,3032,0,1,526447,526501,526444,526503,526507,54,59,63,0,2,3,0
116,2742,0,1,527449,527504,527447,527506,527510,55,59,63,0,2,3,0
117,2552,0,1,528452,528507,528449,528509,528513,55,60,64,0,2,3,0
118,2585,0,1,529455,529510,529453,529512,529516,55,59,63,0,2,3,0
119,2567,0,1,530459,530513,530456,530515,530519,54,59,63,0,2,3,0
120,2619,0,1,531462,531516,531459,531518,531522,54,59,63,0,2,3,0
121,2696,0,1,532465,532519,532462,532521,532525,54,59,63,0,2,3,0
122,2827,0,1,533468,533522,533465,533524,533529,54,59,64,0,2,3,0
123,2868,0,1,534471,534525,534468,534527,534532,54,59,64,0,2,3,0
124,3026,0,1,535474,535528,535471,535531,535535,54,60,64,0,2,3,0
125,3071,0,1,536477,536532,536474,536534,536538,55,60,64,0,2,3,0
126,3211,0,1,537480,537535,537478,537537,537541,55,59,63,0,2,3,0
127,3370,0,1,538484,538538,538481,538540,538544,54,59,63,0,2,3,0
128,3608,0,1,539487,539541,539484,539543,539547,54,59,63,0,2,3,0
