schema_version,ordinal,pack_status,t_ms,state,mode,line_mask,opp_mask,heading_cdeg,gyro_z_dps10,ax_mg,ay_mg,duty_l_127,duty_r_127,vbat_cv,flags,tick_max_us,raw_hex
1,0,0,0,2,1,0,0,0,0,0,0,0,0,915,80,0,00000000020100000000000000000000000000009303500000
1,1,0,40,2,1,0,0,0,0,0,0,0,0,915,80,0,28000000020100000000000000000000000000009303500000
1,2,0,80,2,1,0,0,0,0,0,0,0,0,915,80,0,50000000020100000000000000000000000000009303500000
1,3,0,120,2,1,0,0,0,0,0,0,0,0,915,80,0,78000000020100000000000000000000000000009303500000
1,4,0,160,2,1,0,0,0,0,0,0,0,0,915,80,0,a0000000020100000000000000000000000000009303500000
1,5,0,200,2,1,0,0,0,0,0,0,0,0,915,80,0,c8000000020100000000000000000000000000009303500000
1,6,0,240,2,1,0,0,0,0,0,0,0,0,915,80,0,f0000000020100000000000000000000000000009303500000
1,7,0,280,2,1,0,0,0,0,0,0,0,0,915,80,0,18010000020100000000000000000000000000009303500000
1,8,0,320,2,1,0,0,0,0,0,0,0,0,915,80,0,40010000020100000000000000000000000000009303500000
1,9,0,360,2,1,0,0,0,0,0,0,0,0,915,80,0,68010000020100000000000000000000000000009303500000
1,10,0,400,2,1,0,0,0,0,0,0,0,0,915,80,0,90010000020100000000000000000000000000009303500000
1,11,0,440,2,1,0,0,0,0,0,0,0,0,915,80,0,b8010000020100000000000000000000000000009303500000
1,12,0,480,2,1,0,0,0,0,0,0,0,0,915,80,0,e0010000020100000000000000000000000000009303500000
1,13,0,520,2,1,0,0,0,0,0,0,0,0,915,80,0,08020000020100000000000000000000000000009303500000
1,14,0,560,2,1,0,0,0,0,0,0,0,0,915,80,0,30020000020100000000000000000000000000009303500000
1,15,0,600,2,1,0,0,0,0,0,0,0,0,915,80,0,58020000020100000000000000000000000000009303500000
1,16,0,640,2,1,0,0,0,0,0,0,0,0,915,80,0,80020000020100000000000000000000000000009303500000
1,17,0,680,2,1,0,0,0,0,0,0,0,0,915,80,0,a8020000020100000000000000000000000000009303500000
1,18,0,720,2,1,0,0,0,0,0,0,0,0,915,80,0,d0020000020100000000000000000000000000009303500000
1,19,0,760,2,1,0,0,0,0,0,0,0,0,915,80,0,f8020000020100000000000000000000000000009303500000
1,20,0,800,2,1,0,0,0,0,0,0,0,0,915,80,0,20030000020100000000000000000000000000009303500000
1,21,0,840,2,1,0,0,0,0,0,0,0,0,915,80,0,48030000020100000000000000000000000000009303500000
1,22,0,880,2,1,0,0,0,0,0,0,0,0,915,80,0,70030000020100000000000000000000000000009303500000
1,23,0,920,2,1,0,0,0,0,0,0,0,0,915,80,0,98030000020100000000000000000000000000009303500000
1,24,0,960,2,1,0,0,0,0,0,0,0,0,915,80,0,c0030000020100000000000000000000000000009303500000
1,25,0,1000,2,1,0,0,0,0,0,0,0,0,915,80,0,e8030000020100000000000000000000000000009303500000
1,26,0,1040,2,1,0,0,0,0,0,0,0,0,915,80,0,10040000020100000000000000000000000000009303500000
1,27,0,1080,2,1,0,0,0,0,0,0,0,0,915,80,0,38040000020100000000000000000000000000009303500000
1,28,0,1120,2,1,0,0,0,0,0,0,0,0,915,80,0,60040000020100000000000000000000000000009303500000
1,29,0,1160,2,1,0,0,0,0,0,0,0,0,915,80,0,88040000020100000000000000000000000000009303500000
1,30,0,1200,2,1,0,0,0,0,0,0,0,0,915,80,0,b0040000020100000000000000000000000000009303500000
1,31,0,1240,2,1,0,0,0,0,0,0,0,0,915,80,0,d8040000020100000000000000000000000000009303500000
1,32,0,1280,2,1,0,0,0,0,0,0,0,0,915,80,0,00050000020100000000000000000000000000009303500000
1,33,0,1320,2,1,0,0,0,0,0,0,0,0,915,80,0,28050000020100000000000000000000000000009303500000
1,34,0,1360,2,1,0,0,0,0,0,0,0,0,915,80,0,50050000020100000000000000000000000000009303500000
1,35,0,1400,2,1,0,0,0,0,0,0,0,0,915,80,0,78050000020100000000000000000000000000009303500000
1,36,0,1440,2,1,0,0,0,0,0,0,0,0,915,80,0,a0050000020100000000000000000000000000009303500000
1,37,0,1480,2,1,0,0,0,0,0,0,0,0,915,80,0,c8050000020100000000000000000000000000009303500000
1,38,0,1520,2,1,0,0,0,0,0,0,0,0,915,80,0,f0050000020100000000000000000000000000009303500000
1,39,0,1560,2,1,0,0,0,0,0,0,0,0,915,80,0,18060000020100000000000000000000000000009303500000
1,40,0,1600,2,1,0,0,0,0,0,0,0,0,915,80,0,40060000020100000000000000000000000000009303500000
1,41,0,1640,2,1,0,0,0,0,0,0,0,0,915,80,0,68060000020100000000000000000000000000009303500000
1,42,0,1680,2,1,0,0,0,0,0,0,0,0,915,80,0,90060000020100000000000000000000000000009303500000
1,43,0,1720,2,1,0,0,0,0,0,0,0,0,915,80,0,b8060000020100000000000000000000000000009303500000
1,44,0,1760,2,1,0,0,0,0,0,0,0,0,915,80,0,e0060000020100000000000000000000000000009303500000
1,45,0,1800,2,1,0,0,0,0,0,0,0,0,915,80,0,08070000020100000000000000000000000000009303500000
1,46,0,1840,2,1,0,0,0,0,0,0,0,0,915,80,0,30070000020100000000000000000000000000009303500000
1,47,0,1880,2,1,0,0,0,0,0,0,0,0,915,80,0,58070000020100000000000000000000000000009303500000
1,48,0,1920,2,1,0,0,0,0,0,0,0,0,915,80,0,80070000020100000000000000000000000000009303500000
1,49,0,1960,2,1,0,0,0,0,0,0,0,0,915,80,0,a8070000020100000000000000000000000000009303500000
1,50,0,2000,2,1,0,0,0,0,0,0,0,0,915,80,0,d0070000020100000000000000000000000000009303500000
1,51,0,2040,2,1,0,0,0,0,0,0,0,0,915,80,0,f8070000020100000000000000000000000000009303500000
1,52,0,2080,2,1,0,0,0,0,0,0,0,0,915,80,0,20080000020100000000000000000000000000009303500000
1,53,0,2120,2,1,0,0,0,0,0,0,0,0,915,80,0,48080000020100000000000000000000000000009303500000
1,54,0,2160,2,1,0,0,0,0,0,0,0,0,915,80,0,70080000020100000000000000000000000000009303500000
1,55,0,2200,2,1,0,0,0,0,0,0,0,0,915,80,0,98080000020100000000000000000000000000009303500000
1,56,0,2240,2,1,0,0,0,0,0,0,0,0,915,80,0,c0080000020100000000000000000000000000009303500000
1,57,0,2280,2,1,0,0,0,0,0,0,0,0,915,80,0,e8080000020100000000000000000000000000009303500000
1,58,0,2320,2,1,0,0,0,0,0,0,0,0,915,80,0,10090000020100000000000000000000000000009303500000
1,59,0,2360,2,1,0,0,0,0,0,0,0,0,915,80,0,38090000020100000000000000000000000000009303500000
1,60,0,2400,2,1,0,0,0,0,0,0,0,0,915,80,0,60090000020100000000000000000000000000009303500000
1,61,0,2440,2,1,0,0,0,0,0,0,0,0,915,80,0,88090000020100000000000000000000000000009303500000
1,62,0,2480,2,1,0,0,0,0,0,0,0,0,915,80,0,b0090000020100000000000000000000000000009303500000
1,63,0,2520,2,1,0,0,0,0,0,0,0,0,915,80,0,d8090000020100000000000000000000000000009303500000
1,64,0,2560,2,1,0,0,0,0,0,0,0,0,915,80,0,000a0000020100000000000000000000000000009303500000
1,65,0,2600,2,1,0,0,0,0,0,0,0,0,915,80,0,280a0000020100000000000000000000000000009303500000
1,66,0,2640,2,1,0,0,0,0,0,0,0,0,915,80,0,500a0000020100000000000000000000000000009303500000
1,67,0,2680,2,1,0,0,0,0,0,0,0,0,915,80,0,780a0000020100000000000000000000000000009303500000
1,68,0,2720,2,1,0,0,0,0,0,0,0,0,915,80,0,a00a0000020100000000000000000000000000009303500000
1,69,0,2760,2,1,0,0,0,0,0,0,0,0,915,80,0,c80a0000020100000000000000000000000000009303500000
1,70,0,2800,2,1,0,0,0,0,0,0,0,0,915,80,0,f00a0000020100000000000000000000000000009303500000
1,71,0,2840,2,1,0,0,0,0,0,0,0,0,915,80,0,180b0000020100000000000000000000000000009303500000
1,72,0,2880,2,1,0,0,0,0,0,0,0,0,915,80,0,400b0000020100000000000000000000000000009303500000
1,73,0,2920,2,1,0,0,0,0,0,0,0,0,915,80,0,680b0000020100000000000000000000000000009303500000
1,74,0,2960,2,1,0,0,0,0,0,0,0,0,915,80,0,900b0000020100000000000000000000000000009303500000
1,75,0,3000,2,1,0,0,0,0,0,0,0,0,915,80,0,b80b0000020100000000000000000000000000009303500000
1,76,0,3040,2,1,0,0,0,0,0,0,0,0,915,80,0,e00b0000020100000000000000000000000000009303500000
1,77,0,3080,2,1,0,0,0,0,0,0,0,0,915,80,0,080c0000020100000000000000000000000000009303500000
1,78,0,3120,2,1,0,0,0,0,0,0,0,0,915,80,0,300c0000020100000000000000000000000000009303500000
1,79,0,3160,2,1,0,0,0,0,0,0,0,0,915,80,0,580c0000020100000000000000000000000000009303500000
1,80,0,3200,2,1,0,0,0,0,0,0,0,0,915,80,0,800c0000020100000000000000000000000000009303500000
1,81,0,3240,2,1,0,0,0,0,0,0,0,0,915,80,0,a80c0000020100000000000000000000000000009303500000
1,82,0,3280,2,1,0,0,0,0,0,0,0,0,915,80,0,d00c0000020100000000000000000000000000009303500000
1,83,0,3320,2,1,0,0,0,0,0,0,0,0,915,80,0,f80c0000020100000000000000000000000000009303500000
1,84,0,3360,2,1,0,0,0,0,0,0,0,0,915,80,0,200d0000020100000000000000000000000000009303500000
1,85,0,3400,2,1,0,0,0,0,0,0,0,0,915,80,0,480d0000020100000000000000000000000000009303500000
1,86,0,3440,2,1,0,0,0,0,0,0,0,0,915,80,0,700d0000020100000000000000000000000000009303500000
1,87,0,3480,2,1,0,0,0,0,0,0,0,0,915,80,0,980d0000020100000000000000000000000000009303500000
1,88,0,3520,2,1,0,0,0,0,0,0,0,0,915,80,0,c00d0000020100000000000000000000000000009303500000
1,89,0,3560,2,1,0,0,0,0,0,0,0,0,915,80,0,e80d0000020100000000000000000000000000009303500000
1,90,0,3600,2,1,0,0,0,0,0,0,0,0,915,80,0,100e0000020100000000000000000000000000009303500000
1,91,0,3640,2,1,0,0,0,0,0,0,0,0,915,80,0,380e0000020100000000000000000000000000009303500000
1,92,0,3680,2,1,0,0,0,0,0,0,0,0,915,80,0,600e0000020100000000000000000000000000009303500000
1,93,0,3720,2,1,0,0,0,0,0,0,0,0,915,80,0,880e0000020100000000000000000000000000009303500000
1,94,0,3760,2,1,0,0,0,0,0,0,0,0,915,80,0,b00e0000020100000000000000000000000000009303500000
1,95,0,3800,2,1,0,0,0,0,0,0,0,0,915,80,0,d80e0000020100000000000000000000000000009303500000
1,96,0,3840,2,1,0,0,0,0,0,0,0,0,915,80,0,000f0000020100000000000000000000000000009303500000
1,97,0,3880,2,1,0,0,0,0,0,0,0,0,915,80,0,280f0000020100000000000000000000000000009303500000
1,98,0,3920,2,1,0,0,0,0,0,0,0,0,915,80,0,500f0000020100000000000000000000000000009303500000
1,99,0,3960,2,1,0,0,0,0,0,0,0,0,915,80,0,780f0000020100000000000000000000000000009303500000
1,100,0,4000,2,1,0,0,0,0,0,0,0,0,915,80,0,a00f0000020100000000000000000000000000009303500000
1,101,0,4040,2,1,0,0,0,0,0,0,0,0,915,80,0,c80f0000020100000000000000000000000000009303500000
1,102,0,4080,2,1,0,0,0,0,0,0,0,0,915,80,0,f00f0000020100000000000000000000000000009303500000
1,103,0,4120,2,1,0,0,0,0,0,0,0,0,915,80,0,18100000020100000000000000000000000000009303500000
1,104,0,4160,2,1,0,0,0,0,0,0,0,0,915,80,0,40100000020100000000000000000000000000009303500000
1,105,0,4200,2,1,0,0,0,0,0,0,0,0,915,80,0,68100000020100000000000000000000000000009303500000
1,106,0,4240,2,1,0,0,0,0,0,0,0,0,915,80,0,90100000020100000000000000000000000000009303500000
1,107,0,4280,2,1,0,0,0,0,0,0,0,0,915,80,0,b8100000020100000000000000000000000000009303500000
1,108,0,4320,2,1,0,0,0,0,0,0,0,0,915,80,0,e0100000020100000000000000000000000000009303500000
1,109,0,4360,2,1,0,0,0,0,0,0,0,0,915,80,0,08110000020100000000000000000000000000009303500000
1,110,0,4400,2,1,0,0,0,0,0,0,0,0,915,80,0,30110000020100000000000000000000000000009303500000
1,111,0,4440,2,1,0,0,0,0,0,0,0,0,915,80,0,58110000020100000000000000000000000000009303500000
1,112,0,4480,2,1,0,0,0,0,0,0,0,0,915,80,0,80110000020100000000000000000000000000009303500000
1,113,0,4520,2,1,0,0,0,0,0,0,0,0,915,88,0,a8110000020100000000000000000000000000009303580000
1,114,0,4560,2,1,0,0,0,0,0,0,0,0,915,88,0,d0110000020100000000000000000000000000009303580000
1,115,0,4600,2,1,0,0,0,0,0,0,0,0,915,88,0,f8110000020100000000000000000000000000009303580000
1,116,0,4640,2,1,0,0,0,0,0,0,0,0,915,88,0,20120000020100000000000000000000000000009303580000
1,117,0,4680,2,1,0,0,0,0,0,0,0,0,915,88,0,48120000020100000000000000000000000000009303580000
1,118,0,4720,2,1,0,0,0,0,0,0,0,0,915,88,0,70120000020100000000000000000000000000009303580000
1,119,0,4760,2,1,0,0,0,0,0,0,0,0,915,88,0,98120000020100000000000000000000000000009303580000
1,120,0,4800,2,1,0,0,0,0,0,0,0,0,915,88,0,c0120000020100000000000000000000000000009303580000
1,121,0,4840,2,1,0,0,0,0,0,0,0,0,915,88,0,e8120000020100000000000000000000000000009303580000
1,122,0,4880,2,1,0,0,0,0,0,0,0,0,915,88,0,10130000020100000000000000000000000000009303580000
1,123,0,4920,2,1,0,0,0,0,0,0,0,0,915,88,0,38130000020100000000000000000000000000009303580000
1,124,0,4960,2,1,0,0,0,0,0,0,0,0,915,88,0,60130000020100000000000000000000000000009303580000
1,125,0,5000,2,1,0,0,0,0,0,0,0,0,915,88,0,88130000020100000000000000000000000000009303580000
1,126,0,5040,2,1,0,0,0,0,0,0,0,0,915,88,0,b0130000020100000000000000000000000000009303580000
1,127,0,5080,2,1,0,0,0,0,0,0,0,0,915,88,0,d8130000020100000000000000000000000000009303580000
1,128,0,5120,3,1,0,0,0,0,0,0,54,-54,915,88,338,00140000030100000000000000000000000036ca9303585201
1,129,0,5160,3,1,0,0,0,0,0,0,102,-102,915,88,338,281400000301000000000000000000000000669a9303585201
1,130,0,5200,3,1,0,0,0,0,0,0,105,0,915,88,338,50140000030100000000000000000000000069009303585201
1,131,0,5240,3,1,0,0,0,0,0,0,108,101,915,88,338,7814000003010000000000000000000000006c659303585201
1,132,0,5280,3,1,0,0,0,0,0,0,108,108,915,88,338,a014000003010000000000000000000000006c6c9303585201
1,133,0,5320,3,1,0,0,0,0,0,0,108,108,915,88,338,c814000003010000000000000000000000006c6c9303585201
1,134,0,5360,3,1,0,0,0,0,0,0,108,108,915,88,338,f014000003010000000000000000000000006c6c9303585201
1,135,0,5400,3,1,0,0,0,0,0,0,108,108,915,88,338,1815000003010000000000000000000000006c6c9303585201
1,136,0,5440,3,1,0,0,0,0,0,0,108,108,915,88,338,4015000003010000000000000000000000006c6c9303585201
1,137,0,5480,3,1,0,0,0,0,0,0,-76,102,915,88,338,681500000301000000000000000000000000b4669303585201
1,138,0,5520,3,1,0,0,0,0,0,0,-102,102,915,88,338,9015000003010000000000000000000000009a669303585201
1,139,0,5560,3,1,0,0,0,0,0,0,-102,102,915,88,338,b815000003010000000000000000000000009a669303585201
1,140,0,5600,3,1,0,0,0,0,0,0,-102,102,915,88,338,e015000003010000000000000000000000009a669303585201
1,141,0,5640,3,1,0,0,0,0,0,0,-102,102,915,88,338,0816000003010000000000000000000000009a669303585201
1,142,0,5680,4,1,0,0,0,0,0,0,-69,69,915,88,338,301600000401000000000000000000000000bb459303585201
1,143,0,5720,4,1,0,0,0,0,0,0,-69,69,915,88,338,581600000401000000000000000000000000bb459303585201
1,144,0,5760,4,1,0,0,0,0,0,0,-69,69,915,88,338,801600000401000000000000000000000000bb459303585201
1,145,0,5800,4,1,0,0,0,0,0,0,-69,69,915,88,338,a81600000401000000000000000000000000bb459303585201
1,146,0,5840,4,1,0,0,0,0,0,0,-69,69,915,88,338,d01600000401000000000000000000000000bb459303585201
1,147,0,5880,4,1,0,0,0,0,0,0,-69,69,915,88,338,f81600000401000000000000000000000000bb459303585201
1,148,0,5920,4,1,0,0,0,0,0,0,-69,69,915,88,338,201700000401000000000000000000000000bb459303585201
1,149,0,5960,4,1,0,0,0,0,0,0,-69,69,915,88,338,481700000401000000000000000000000000bb459303585201
1,150,0,6000,4,1,0,0,0,0,0,0,-69,69,915,88,338,701700000401000000000000000000000000bb459303585201
1,151,0,6040,4,1,0,0,0,0,0,0,-69,69,915,88,338,981700000401000000000000000000000000bb459303585201
1,152,0,6080,4,1,0,0,0,0,0,0,-69,69,915,88,338,c01700000401000000000000000000000000bb459303585201
1,153,0,6120,4,1,0,0,0,0,0,0,-69,69,915,88,338,e81700000401000000000000000000000000bb459303585201
1,154,0,6140,10,1,0,0,0,0,0,0,0,0,915,88,338,fc1700000a0100000000000000000000000000009303585201
